Date,Close/Last,Volume,Open,High,Low
01/16/2025,$57.58,1382597,$56.94,$57.64,$56.63
01/15/2025,$56.90,2724370,$57.22,$57.58,$56.79
01/14/2025,$55.39,1799655,$54.94,$55.88,$54.92
01/13/2025,$54.94,5145478,$54.22,$55.21,$53.80
01/10/2025,$54.91,4138260,$57.93,$58.06,$54.89
01/08/2025,$58.38,2612775,$56.90,$58.47,$56.56
01/07/2025,$57.03,3189407,$57.70,$58.495,$56.58
01/06/2025,$57.44,2750934,$58.70,$58.77,$56.99
01/03/2025,$57.80,1273986,$58.08,$58.215,$57.27
01/02/2025,$57.55,2908045,$57.59,$57.91,$56.82
12/31/2024,$57.45,1549206,$57.60,$57.79,$57.20
12/30/2024,$57.35,1791249,$56.55,$57.6571,$56.15
12/27/2024,$57.19,1017634,$57.31,$57.76,$56.63
12/26/2024,$57.86,582144,$57.09,$57.94,$57.09
12/24/2024,$57.49,661672,$57.38,$57.54,$56.75
12/23/2024,$57.06,1569155,$56.10,$57.07,$55.89
12/20/2024,$56.09,2873097,$55.35,$57.09,$54.87
12/19/2024,$55.49,3119569,$56.12,$56.41,$55.3138
12/18/2024,$55.46,3533436,$59.18,$59.70,$55.205
12/17/2024,$59.01,2526019,$58.80,$59.11,$58.30
12/16/2024,$59.15,1343993,$58.42,$59.29,$58.40
12/13/2024,$58.68,2037045,$59.54,$59.655,$58.625
12/12/2024,$59.25,2171408,$60.02,$60.075,$58.99
12/11/2024,$60.05,1366367,$59.75,$60.53,$59.42
12/10/2024,$59.15,2107064,$58.95,$59.65,$58.40
12/09/2024,$59.15,1947885,$60.25,$60.79,$59.01
12/06/2024,$59.81,1984123,$60.27,$60.52,$59.53
12/05/2024,$60.03,3132328,$60.77,$61.08,$59.97
12/04/2024,$60.70,1675046,$61.00,$61.36,$60.25
12/03/2024,$61.02,1565870,$61.87,$62.44,$60.78
12/02/2024,$61.51,1829053,$61.20,$62.12,$60.80
11/29/2024,$61.39,1272166,$61.17,$61.77,$61.00
11/27/2024,$61.37,2913087,$60.10,$61.63,$60.10
11/26/2024,$60.08,2054353,$59.32,$60.23,$59.05
11/25/2024,$59.70,3583912,$59.07,$59.99,$58.77
11/22/2024,$58.27,2690378,$57.60,$58.99,$57.2663
11/21/2024,$57.53,1522222,$56.65,$57.78,$56.10
11/20/2024,$56.38,1775671,$56.73,$56.8391,$56.00
11/19/2024,$56.78,1278977,$55.55,$56.94,$55.41
11/18/2024,$56.11,2171822,$56.82,$56.89,$56.045
11/15/2024,$56.79,2406514,$58.10,$58.1799,$56.57
11/14/2024,$57.80,1866836,$58.62,$60.20,$57.60
11/13/2024,$57.61,1260457,$57.95,$58.425,$57.45
11/12/2024,$57.91,1283249,$58.42,$58.85,$57.52
11/11/2024,$58.77,1559622,$57.53,$59.23,$57.53
11/08/2024,$57.09,1020476,$57.52,$57.52,$57.01
11/07/2024,$57.52,1224304,$57.17,$57.78,$56.98
11/06/2024,$56.98,3067430,$57.11,$57.42,$56.00
11/05/2024,$55.75,1968517,$54.00,$55.80,$53.90
11/04/2024,$53.86,1884398,$53.14,$54.51,$53.11
11/01/2024,$53.14,1174246,$53.55,$54.03,$53.12
10/31/2024,$53.00,2360141,$53.87,$53.87,$52.62
10/30/2024,$54.04,1201168,$53.31,$54.52,$53.31
10/29/2024,$53.65,1579476,$54.38,$54.50,$53.37
10/28/2024,$54.68,1556463,$54.13,$54.74,$53.91
10/25/2024,$53.50,1100795,$54.34,$54.62,$53.22
10/24/2024,$54.28,1126454,$54.50,$54.93,$54.17
10/23/2024,$54.05,1214458,$54.28,$54.62,$53.55
10/22/2024,$54.32,1574646,$55.03,$55.25,$54.155
10/21/2024,$55.39,1582390,$56.27,$56.825,$55.28
10/18/2024,$56.39,1767375,$55.51,$56.68,$55.265
10/17/2024,$55.33,1090941,$54.75,$55.48,$54.75
10/16/2024,$54.71,1657252,$53.80,$54.99,$53.715
10/15/2024,$53.48,1259162,$53.67,$54.09,$53.34
10/14/2024,$53.87,836988,$53.89,$54.19,$53.64
10/11/2024,$53.56,1258543,$53.20,$54.43,$53.20
10/10/2024,$53.03,1201565,$52.52,$53.23,$52.38
10/09/2024,$52.90,1229515,$52.11,$53.06,$52.10
10/08/2024,$52.40,1193797,$52.43,$52.95,$52.08
10/07/2024,$52.55,919917,$53.09,$53.09,$52.20
10/04/2024,$53.10,855131,$53.09,$53.62,$52.66
10/03/2024,$52.59,1420564,$52.58,$52.955,$52.26
10/02/2024,$52.95,1330399,$53.03,$53.33,$52.62
10/01/2024,$53.08,1894560,$53.04,$53.43,$52.62
09/30/2024,$53.15,1383895,$53.10,$53.41,$52.65
09/27/2024,$53.39,1973664,$53.51,$53.90,$53.2549
09/26/2024,$53.42,3975467,$52.57,$54.29,$52.40
09/25/2024,$52.27,1402708,$52.93,$52.955,$52.10
09/24/2024,$52.80,1683847,$52.90,$53.20,$52.71
09/23/2024,$52.54,1769621,$52.35,$52.71,$52.18
09/20/2024,$52.18,2113651,$51.98,$52.48,$51.715
09/19/2024,$52.20,2193741,$50.99,$52.30,$50.54
09/18/2024,$49.95,1959463,$50.19,$51.03,$49.77
09/17/2024,$50.32,1480812,$50.70,$50.81,$50.05
09/16/2024,$50.41,1593478,$49.73,$50.46,$49.57
09/13/2024,$49.37,1238614,$49.38,$49.78,$49.18
09/12/2024,$48.96,1771195,$48.00,$48.99,$47.98
09/11/2024,$48.09,7025210,$47.04,$48.14,$46.32
09/10/2024,$47.24,1676945,$47.40,$47.40,$46.20
09/09/2024,$47.17,1828099,$46.57,$47.68,$46.36
09/06/2024,$46.13,2916731,$47.34,$47.69,$45.98
09/05/2024,$47.16,2140045,$47.80,$48.20,$47.06
09/04/2024,$47.50,6856567,$47.69,$48.55,$47.49
09/03/2024,$47.92,2583880,$49.91,$50.01,$47.575
08/30/2024,$50.28,1474317,$49.73,$50.46,$49.51
08/29/2024,$49.69,1015893,$49.67,$50.335,$49.42
08/28/2024,$49.47,1357525,$49.71,$50.11,$49.26
08/27/2024,$49.80,1553777,$49.22,$50.17,$49.12
08/26/2024,$49.38,5807780,$49.31,$49.66,$49.25
08/23/2024,$49.11,1785032,$47.45,$49.205,$47.36
08/22/2024,$47.11,2046972,$47.19,$47.44,$46.90
08/21/2024,$47.05,913864,$46.67,$47.075,$46.48
08/20/2024,$46.69,890465,$47.00,$47.36,$46.56
08/19/2024,$46.95,1042133,$46.62,$47.20,$46.57
08/16/2024,$46.57,1144488,$46.72,$46.72,$46.16
08/15/2024,$46.50,1595675,$46.94,$47.175,$46.395
08/14/2024,$46.32,1950746,$45.71,$46.38,$45.47
08/13/2024,$45.53,2152376,$44.60,$45.635,$44.19
08/12/2024,$44.16,1100918,$45.01,$45.225,$44.085
08/09/2024,$44.92,1905807,$44.65,$45.04,$44.33
08/08/2024,$44.44,2206685,$42.93,$44.58,$42.39
08/07/2024,$42.91,3688400,$45.49,$45.54,$42.85
08/06/2024,$44.67,4563365,$43.86,$44.90,$43.445
08/05/2024,$43.77,2369571,$42.52,$44.54,$42.21
08/02/2024,$45.36,2942713,$46.64,$46.88,$45.16
08/01/2024,$47.58,2898218,$48.67,$48.83,$47.20
07/31/2024,$48.75,1865973,$48.16,$49.44,$47.86
07/30/2024,$47.85,13775330,$47.63,$48.18,$47.50
07/29/2024,$47.52,2418633,$47.33,$47.62,$46.87
07/26/2024,$47.26,16783380,$46.85,$47.43,$46.59
07/25/2024,$46.32,5199767,$45.71,$46.97,$45.42
07/24/2024,$45.85,2834598,$46.56,$46.92,$45.765
07/23/2024,$47.05,5758392,$46.88,$47.57,$46.34
07/22/2024,$46.89,1115722,$46.50,$46.975,$46.21
07/19/2024,$46.06,1026301,$46.03,$46.465,$45.78
07/18/2024,$46.19,2870052,$46.51,$47.08,$45.87
07/17/2024,$46.72,3012484,$46.75,$47.08,$46.44
07/16/2024,$47.41,3544234,$46.03,$47.43,$46.03
07/15/2024,$46.09,1922320,$46.10,$46.285,$45.735
07/12/2024,$46.01,3535538,$45.00,$46.139,$45.00
07/11/2024,$44.96,2880032,$44.59,$44.985,$44.41
07/10/2024,$44.09,1450807,$43.10,$44.13,$43.02
07/09/2024,$42.99,1124982,$42.63,$43.10,$42.42
07/08/2024,$42.72,1541486,$42.73,$42.905,$42.32
07/05/2024,$42.54,1282813,$43.21,$43.33,$42.50
07/03/2024,$43.05,1037145,$42.37,$43.10,$42.34
07/02/2024,$42.06,1865608,$40.98,$42.16,$40.82
07/01/2024,$40.93,1019558,$41.69,$41.95,$40.90
06/28/2024,$41.54,1549328,$41.82,$42.08,$41.28
06/27/2024,$41.56,10662840,$40.89,$41.82,$40.745
06/26/2024,$40.85,16594030,$40.99,$41.12,$40.61
06/25/2024,$41.34,5316469,$41.60,$41.60,$40.59
06/24/2024,$41.41,15816740,$40.68,$41.55,$40.65
06/21/2024,$40.57,13297650,$40.75,$40.75,$40.04
06/20/2024,$40.81,2584809,$40.37,$41.01,$40.22
06/18/2024,$41.35,3729648,$41.10,$41.38,$40.895
06/17/2024,$41.06,2156066,$40.90,$41.11,$40.47
06/14/2024,$40.95,5957951,$40.51,$40.97,$39.97
06/13/2024,$41.01,2527066,$41.66,$41.67,$40.84
06/12/2024,$41.91,1863461,$42.39,$42.56,$41.67
06/11/2024,$41.12,2632184,$41.50,$41.50,$40.84
06/10/2024,$41.64,9555819,$41.17,$41.73,$41.0519
06/07/2024,$41.52,1906101,$41.83,$41.87,$41.35
06/06/2024,$42.31,2543383,$43.07,$43.15,$42.185
06/05/2024,$43.11,1594293,$43.02,$43.18,$42.60
06/04/2024,$42.60,1470757,$43.33,$43.655,$42.4194
06/03/2024,$43.69,2900429,$43.70,$43.74,$43.125
05/31/2024,$43.49,3208649,$42.87,$43.51,$42.625
05/30/2024,$42.66,2361430,$42.19,$42.9483,$42.05
05/29/2024,$42.00,1670962,$42.98,$43.00,$41.95
05/28/2024,$43.55,1629312,$44.95,$44.95,$43.44
05/24/2024,$44.78,1302115,$44.36,$44.8825,$44.27
05/23/2024,$44.20,1765061,$44.63,$44.85,$43.84
05/22/2024,$44.35,1990698,$44.12,$44.68,$44.12
05/21/2024,$44.58,2176943,$44.70,$44.995,$44.33
05/20/2024,$44.81,1966364,$44.60,$44.93,$44.4505
05/17/2024,$44.81,2468625,$44.60,$44.93,$44.4505
05/16/2024,$44.64,1723962,$44.72,$44.91,$44.50
05/15/2024,$44.85,2099915,$45.00,$45.11,$44.575
05/14/2024,$44.65,2343526,$44.10,$44.685,$44.05
05/13/2024,$44.00,3427943,$44.47,$44.47,$43.77
05/10/2024,$44.23,4213500,$44.28,$44.50,$43.86
05/09/2024,$44.25,3293998,$43.76,$44.25,$43.29
05/08/2024,$43.99,5638573,$43.38,$44.09,$42.95
05/07/2024,$43.73,3319306,$43.80,$43.99,$43.64
05/06/2024,$43.68,1910305,$42.85,$43.72,$42.72
05/03/2024,$42.63,3873439,$42.45,$42.92,$42.17
05/02/2024,$41.65,7418349,$41.44,$41.68,$40.7784
05/01/2024,$40.97,3632651,$40.12,$41.455,$39.78
04/30/2024,$40.12,3020329,$40.60,$40.8911,$40.11
04/29/2024,$41.04,3285315,$41.04,$41.28,$40.62
04/26/2024,$40.96,3230696,$40.37,$40.98,$40.23
04/25/2024,$40.23,2396764,$39.93,$40.36,$39.27
04/24/2024,$40.53,2413801,$40.28,$40.615,$39.86
04/23/2024,$40.37,2126065,$39.75,$40.50,$39.48
04/22/2024,$39.61,1507237,$39.21,$39.76,$38.89
04/19/2024,$38.99,2106077,$38.64,$39.06,$38.505
04/18/2024,$38.58,2746683,$39.16,$39.16,$38.32
04/17/2024,$39.01,3984831,$39.00,$39.245,$38.645
04/16/2024,$38.72,4462791,$38.50,$38.915,$38.18
04/15/2024,$38.99,4947573,$39.56,$39.94,$38.65
04/12/2024,$39.30,3805399,$39.21,$39.65,$39.04
04/11/2024,$39.72,10189820,$39.38,$39.779,$38.985
04/10/2024,$39.18,3399938,$39.94,$40.25,$38.94
04/09/2024,$41.11,2239803,$40.81,$41.13,$40.23
04/08/2024,$40.53,1462324,$40.63,$40.7907,$40.31
04/05/2024,$40.32,2026096,$40.01,$40.63,$39.79
04/04/2024,$40.10,2433218,$41.42,$41.46,$40.03
04/03/2024,$40.74,2792647,$40.43,$41.10,$40.27
04/02/2024,$40.46,2252349,$40.51,$40.92,$40.215
04/01/2024,$41.19,1856963,$41.84,$41.88,$40.98
03/28/2024,$41.87,2099186,$41.53,$41.985,$41.25
03/27/2024,$41.58,1460176,$41.20,$41.58,$40.905
03/26/2024,$41.01,2000635,$41.74,$41.90,$40.98
03/25/2024,$41.45,6335302,$41.94,$42.156,$41.431
03/22/2024,$41.78,1771851,$42.33,$42.43,$41.745
03/21/2024,$42.33,2238022,$42.50,$43.168,$42.32
03/20/2024,$42.13,1643665,$41.18,$42.365,$41.14
03/19/2024,$41.15,1355698,$40.80,$41.41,$40.745
03/18/2024,$40.98,1689420,$41.03,$41.122,$40.54
03/15/2024,$41.00,2746029,$40.57,$41.26,$40.47
03/14/2024,$41.10,3564122,$42.02,$42.035,$40.435
03/13/2024,$42.02,1035510,$42.25,$42.54,$41.86
03/12/2024,$42.09,1188431,$42.00,$42.325,$41.7159
03/11/2024,$42.07,3229074,$41.35,$42.265,$41.35
03/08/2024,$41.67,2564336,$42.57,$42.64,$41.47
03/07/2024,$42.23,1703510,$42.08,$42.40,$41.96
03/06/2024,$41.61,2744218,$41.80,$42.49,$41.365
03/05/2024,$41.25,2599240,$41.29,$41.58,$40.98
03/04/2024,$41.34,1766710,$41.32,$41.78,$41.03
03/01/2024,$41.54,2443796,$41.48,$42.26,$41.27
02/29/2024,$41.27,2415878,$41.14,$41.35,$40.82
02/28/2024,$40.90,2293492,$40.94,$41.14,$40.70
02/27/2024,$41.23,3009094,$40.84,$41.375,$40.40
02/26/2024,$40.76,3399960,$41.15,$41.615,$40.72
02/23/2024,$41.25,8430906,$41.11,$41.53,$40.97
02/22/2024,$41.11,3473582,$40.44,$41.20,$40.29
02/21/2024,$39.95,2638724,$40.13,$40.45,$39.77
02/20/2024,$40.41,5157287,$40.01,$40.655,$39.96
02/16/2024,$40.35,2473644,$40.19,$40.86,$40.12
02/15/2024,$40.53,3787792,$39.98,$40.59,$39.88
02/14/2024,$39.65,2441111,$39.78,$40.10,$39.40
02/13/2024,$39.09,2646474,$39.55,$39.89,$38.93
02/12/2024,$40.96,1624001,$40.85,$41.595,$40.76
02/09/2024,$40.84,2714229,$40.75,$40.8975,$40.09
02/08/2024,$40.53,2612188,$40.45,$40.7192,$39.65
02/07/2024,$39.75,2604822,$39.92,$40.03,$39.09
02/06/2024,$39.65,4340926,$38.74,$39.69,$38.59
02/05/2024,$38.55,1410125,$38.81,$38.81,$38.225
02/02/2024,$39.17,2384244,$38.68,$39.29,$38.28
02/01/2024,$39.21,3814010,$39.77,$40.06,$38.46
01/31/2024,$39.68,2616201,$40.88,$41.0354,$39.585
01/30/2024,$40.96,1410747,$41.08,$41.23,$40.71
01/29/2024,$41.06,1955095,$40.47,$41.075,$40.36
01/26/2024,$40.62,1766730,$41.00,$41.18,$40.47
01/25/2024,$40.91,7927708,$40.50,$40.93,$40.29
01/24/2024,$40.22,2434300,$40.75,$40.96,$40.16
01/23/2024,$40.23,1633647,$40.28,$40.72,$40.03
01/22/2024,$40.19,3366334,$39.90,$40.56,$39.90
01/19/2024,$39.80,1902518,$38.94,$39.83,$38.56
01/18/2024,$38.77,1689789,$38.79,$39.07,$38.25
01/17/2024,$38.49,2782294,$38.14,$38.53,$37.79
01/16/2024,$38.94,1836083,$38.49,$38.96,$38.24
01/12/2024,$39.18,1444089,$39.73,$40.06,$38.96
01/11/2024,$39.22,1926777,$39.56,$39.85,$38.48
01/10/2024,$39.73,2022757,$39.12,$40.02,$39.12
01/09/2024,$39.14,1865455,$38.57,$39.32,$38.40
01/08/2024,$38.93,1656792,$38.54,$38.98,$38.46
01/05/2024,$38.52,1483602,$38.23,$39.18,$38.21
01/04/2024,$38.52,2421040,$38.08,$38.705,$37.955
01/03/2024,$38.17,1783467,$38.28,$38.46,$37.77
01/02/2024,$38.85,2378293,$39.56,$39.70,$38.69
12/29/2023,$40.12,1686096,$39.92,$40.22,$39.76
12/28/2023,$40.22,1860227,$40.24,$40.82,$40.11
12/27/2023,$40.74,1642612,$40.47,$41.05,$40.30
12/26/2023,$40.46,794059,$40.00,$40.525,$39.833
12/22/2023,$40.05,1986470,$39.80,$40.40,$39.67
12/21/2023,$39.88,1849234,$39.47,$39.995,$39.47
12/20/2023,$39.07,2662215,$39.07,$39.815,$39.05
12/19/2023,$39.34,2386580,$38.87,$39.375,$38.64
12/18/2023,$38.43,1972132,$38.83,$38.91,$38.27
12/15/2023,$38.49,2712342,$39.15,$39.46,$38.385
12/14/2023,$39.15,4929691,$38.525,$40.06,$38.525
12/13/2023,$38.23,2214059,$36.34,$38.24,$35.92
12/12/2023,$36.31,1494916,$36.31,$36.35,$35.715
12/11/2023,$36.27,1308706,$35.88,$36.30,$35.66
12/08/2023,$35.91,1619973,$35.66,$36.17,$35.66
12/07/2023,$35.84,1668998,$35.74,$35.97,$35.51
12/06/2023,$35.67,1913227,$36.05,$36.35,$35.465
12/05/2023,$35.54,2440721,$35.90,$36.12,$35.44
12/04/2023,$36.16,1840951,$35.71,$36.325,$35.4715
12/01/2023,$36.16,2233058,$35.04,$36.20,$34.965
11/30/2023,$35.27,2534077,$35.76,$35.80,$35.0601
11/29/2023,$35.59,3090017,$34.87,$35.83,$34.77
11/28/2023,$34.78,2848778,$33.99,$34.86,$33.72
11/27/2023,$34.02,1830387,$34.01,$34.165,$33.74
11/24/2023,$34.32,1027104,$34.33,$34.45,$34.12
11/22/2023,$34.32,1610708,$34.11,$34.42,$33.70
11/21/2023,$33.94,1635030,$34.36,$34.66,$33.81
11/20/2023,$34.60,1658800,$33.74,$34.63,$33.61
11/17/2023,$33.87,2906650,$34.20,$34.36,$33.77
11/16/2023,$34.07,1672722,$34.39,$34.52,$33.695
11/15/2023,$34.46,3501465,$34.50,$34.72,$34.06
11/14/2023,$34.42,3292357,$33.17,$34.44,$33.09
11/13/2023,$32.19,2782565,$31.87,$32.46,$31.515
11/10/2023,$32.06,2801516,$32.31,$32.49,$31.435
11/09/2023,$32.20,3126849,$32.43,$33.19,$32.14
11/08/2023,$32.18,2277815,$32.00,$32.344,$31.895
11/07/2023,$32.00,2129100,$32.12,$32.475,$31.885
11/06/2023,$32.37,2411614,$33.22,$33.53,$32.275
11/03/2023,$33.24,3049929,$32.73,$33.715,$32.63
11/02/2023,$32.12,3300220,$31.11,$32.22,$31.05
11/01/2023,$30.53,3860745,$29.21,$30.59,$29.20
10/31/2023,$29.15,4806120,$28.98,$29.22,$28.84
10/30/2023,$29.14,5915849,$29.05,$30.06,$29.01
10/27/2023,$29.15,5526428,$30.26,$30.26,$28.94
10/26/2023,$29.89,3633343,$29.62,$30.25,$29.58
10/25/2023,$29.81,5673294,$30.64,$30.64,$29.61
10/24/2023,$30.95,2268206,$30.76,$31.295,$30.578
10/23/2023,$30.74,3302049,$30.50,$31.06,$30.40
10/20/2023,$30.71,3542703,$31.08,$31.26,$30.52
10/19/2023,$31.21,6869527,$31.87,$31.985,$30.97
10/18/2023,$32.04,6431591,$32.46,$32.80,$31.835
10/17/2023,$33.09,3028326,$32.36,$33.26,$32.24
10/16/2023,$32.81,2623963,$32.42,$33.05,$32.22
10/13/2023,$32.17,3682362,$32.69,$32.69,$31.875
10/12/2023,$32.51,3196952,$33.33,$33.44,$32.26
10/11/2023,$33.31,3892764,$32.35,$33.39,$32.34
10/10/2023,$32.22,3258826,$30.74,$32.26,$30.74
10/09/2023,$30.62,920113,$30.21,$30.68,$30.21
10/06/2023,$30.55,3668913,$29.77,$30.71,$29.43
10/05/2023,$29.97,4103564,$30.32,$30.53,$29.87
10/04/2023,$30.30,2412899,$30.24,$30.49,$29.63
10/03/2023,$30.13,3984114,$30.00,$30.16,$29.63
10/02/2023,$30.14,4845404,$31.06,$31.12,$30.06
09/29/2023,$31.27,3559233,$32.50,$32.50,$31.18
09/28/2023,$32.08,2996075,$31.53,$32.12,$31.31
09/27/2023,$31.45,3290476,$31.99,$32.24,$31.30
09/26/2023,$31.91,2987059,$32.40,$32.51,$31.13
09/25/2023,$32.76,1617053,$32.79,$32.91,$32.355
09/22/2023,$32.83,2848974,$33.50,$33.695,$32.67
09/21/2023,$33.04,4234794,$34.43,$34.79,$32.98
09/20/2023,$34.92,1566658,$35.26,$35.42,$34.92
09/19/2023,$35.14,1850372,$36.07,$36.18,$35.14
09/18/2023,$35.91,1399807,$36.00,$36.215,$35.84
09/15/2023,$36.02,3222286,$36.03,$36.17,$35.66
09/14/2023,$36.10,2104847,$35.66,$36.22,$35.51
09/13/2023,$35.21,2849846,$34.66,$35.36,$34.09
09/12/2023,$34.58,2551808,$34.87,$34.995,$34.33
09/11/2023,$34.85,2425974,$34.35,$35.015,$33.97
09/08/2023,$34.17,2055394,$33.51,$34.29,$33.51
09/07/2023,$33.61,1990787,$33.15,$33.80,$33.15
09/06/2023,$33.54,1258576,$33.81,$34.02,$33.205
09/05/2023,$33.83,1823780,$34.66,$34.70,$33.795
09/01/2023,$34.68,1711243,$34.43,$34.88,$34.27
08/31/2023,$34.11,2365075,$34.18,$34.35,$33.79
08/30/2023,$34.10,1385789,$33.98,$34.33,$33.815
08/29/2023,$33.99,1466344,$32.95,$33.999,$32.80
08/28/2023,$32.93,1676378,$32.65,$33.10,$32.5551
08/25/2023,$32.48,1216318,$32.44,$32.74,$32.095
08/24/2023,$32.42,1601671,$32.69,$32.99,$32.275
08/23/2023,$32.62,1193398,$32.15,$32.68,$31.99
08/22/2023,$32.08,2927639,$32.90,$32.90,$31.65
08/21/2023,$32.77,2372913,$33.11,$33.20,$32.495
08/18/2023,$33.08,3055131,$32.10,$33.255,$31.86
08/17/2023,$32.52,2362770,$33.35,$33.50,$32.37
08/16/2023,$33.29,2443090,$33.30,$33.50,$32.83
08/15/2023,$33.53,2629829,$34.30,$34.30,$33.19
08/14/2023,$34.34,1951218,$34.17,$34.675,$34.06
08/11/2023,$34.35,3325250,$34.07,$34.60,$33.70
08/10/2023,$34.55,2843945,$33.23,$34.805,$32.93
08/09/2023,$32.91,2930875,$32.99,$33.29,$32.512
08/08/2023,$33.20,2884728,$32.70,$33.225,$32.30
08/07/2023,$33.21,1585333,$33.02,$33.43,$32.98
08/04/2023,$33.02,2861098,$32.50,$33.455,$32.35
08/03/2023,$32.48,3924265,$33.20,$33.26,$32.435
08/02/2023,$33.41,2563019,$34.00,$34.10,$33.01
08/01/2023,$34.39,1294383,$34.79,$34.81,$34.035
07/31/2023,$34.90,1240678,$34.80,$35.285,$34.725
07/28/2023,$34.72,1605355,$35.14,$35.354,$34.55
07/27/2023,$34.81,1091314,$35.71,$35.73,$34.785
07/26/2023,$35.41,1452667,$35.55,$35.69,$35.35
07/25/2023,$35.68,1582573,$35.50,$35.71,$35.29
07/24/2023,$35.51,1233668,$35.49,$35.975,$35.45
07/21/2023,$35.48,1155088,$35.39,$35.58,$35.12
07/20/2023,$35.35,1563799,$35.77,$35.80,$34.73
07/19/2023,$35.79,2367850,$35.35,$35.94,$35.28
07/18/2023,$35.05,3862915,$34.29,$35.225,$34.17
07/17/2023,$34.21,2800369,$34.30,$34.31,$33.94
07/14/2023,$34.36,1983350,$34.52,$34.93,$34.295
07/13/2023,$34.57,2639091,$33.40,$34.74,$33.39
07/12/2023,$33.05,2045150,$33.10,$33.37,$32.89
07/11/2023,$32.40,3216953,$32.57,$32.63,$31.965
07/10/2023,$32.41,2293224,$32.60,$32.95,$32.35
07/07/2023,$32.60,2193764,$31.90,$32.82,$31.82
07/06/2023,$31.85,3318513,$32.94,$32.96,$31.815
07/05/2023,$33.34,3854872,$33.06,$33.45,$32.56
07/03/2023,$33.44,851794,$33.58,$33.73,$33.365
06/30/2023,$33.65,3159092,$32.88,$33.755,$32.85
06/29/2023,$32.60,1670205,$32.44,$32.67,$32.13
06/28/2023,$32.41,1766277,$32.22,$32.45,$31.93
06/27/2023,$32.24,3205660,$31.47,$32.345,$31.42
06/26/2023,$31.48,2113761,$31.33,$31.64,$31.13
06/23/2023,$31.33,1686880,$31.36,$31.55,$30.94
06/22/2023,$31.78,2253852,$32.14,$32.29,$31.43
06/21/2023,$32.43,1488171,$32.59,$32.70,$32.19
06/20/2023,$32.78,1426491,$33.00,$33.19,$32.445
06/16/2023,$33.54,2643239,$33.59,$33.78,$33.315
06/15/2023,$33.45,2727851,$33.00,$33.475,$32.77
06/14/2023,$33.08,1730079,$32.98,$33.405,$32.725
06/13/2023,$32.70,1817748,$32.205,$32.70,$32.205
06/12/2023,$32.01,1402354,$31.86,$32.19,$31.746
06/09/2023,$31.62,1526039,$31.79,$32.13,$31.51
06/08/2023,$31.61,1896665,$31.88,$31.90,$31.11
06/07/2023,$31.90,2026940,$31.80,$31.9599,$31.49
06/06/2023,$31.73,1698809,$30.96,$31.775,$30.85
06/05/2023,$30.97,1586469,$30.95,$31.469,$30.625
06/02/2023,$31.01,2401318,$30.84,$31.12,$30.67
06/01/2023,$30.51,2872261,$30.17,$30.6799,$29.92
05/31/2023,$30.04,2401766,$30.34,$30.40,$29.8498
05/30/2023,$30.62,2184090,$31.21,$31.3857,$30.54
05/26/2023,$31.49,2020772,$31.08,$31.55,$30.88
05/25/2023,$30.92,2505665,$30.55,$31.13,$30.26
05/24/2023,$30.62,2601065,$31.21,$31.41,$30.48
05/23/2023,$31.41,2200455,$31.325,$31.9578,$31.20
05/22/2023,$31.30,1911563,$31.05,$31.60,$31.02
05/19/2023,$30.82,1859683,$30.84,$31.00,$30.55
05/18/2023,$30.76,1784586,$30.96,$31.16,$30.5209
05/17/2023,$31.06,2258141,$30.50,$31.125,$30.0336
05/16/2023,$30.24,1963372,$30.56,$30.60,$30.04
05/15/2023,$30.57,1991799,$30.75,$30.875,$30.435
05/12/2023,$30.35,3494759,$31.05,$31.1241,$29.94
05/11/2023,$31.20,2081928,$31.13,$31.41,$30.07
05/10/2023,$31.15,3315461,$32.40,$32.45,$31.07
05/09/2023,$32.19,3082358,$31.77,$32.26,$31.20
05/08/2023,$31.86,2121922,$31.84,$31.99,$31.395
05/05/2023,$31.37,2033680,$30.83,$31.425,$30.69
05/04/2023,$30.25,3398048,$30.64,$30.83,$30.05
05/03/2023,$30.87,2336845,$30.81,$31.55,$30.56
05/02/2023,$30.79,2435590,$31.92,$31.955,$30.69
05/01/2023,$32.18,1913490,$32.23,$32.45,$31.915
04/28/2023,$32.46,1218222,$31.82,$32.475,$31.78
04/27/2023,$31.98,2302479,$31.30,$32.03,$31.30
04/26/2023,$30.97,2295327,$31.70,$31.89,$30.915
04/25/2023,$31.76,2355750,$33.05,$33.15,$31.72
04/24/2023,$33.38,1011876,$33.30,$33.46,$33.16
04/21/2023,$33.29,1763580,$33.15,$33.405,$32.98
04/20/2023,$33.23,2776869,$32.59,$33.32,$32.59
04/19/2023,$33.15,1958073,$32.43,$33.25,$32.43
04/18/2023,$32.86,2546044,$32.72,$33.02,$32.33
04/17/2023,$32.76,1502874,$32.24,$32.76,$32.21
04/14/2023,$32.50,1389678,$33.15,$33.15,$32.18
04/13/2023,$32.90,1403780,$32.20,$32.92,$32.20
04/12/2023,$32.06,1816664,$32.32,$32.415,$31.78
04/11/2023,$31.92,1211904,$31.74,$32.045,$31.60
04/10/2023,$31.53,1466836,$31.22,$31.53,$30.90
04/06/2023,$31.54,1586258,$31.64,$31.86,$31.41
04/05/2023,$31.58,1417006,$31.69,$31.80,$31.36
04/04/2023,$31.84,2034651,$32.50,$32.515,$31.70
04/03/2023,$32.32,2137314,$32.54,$32.57,$32.03
03/31/2023,$32.59,2724594,$31.99,$32.64,$31.86
03/30/2023,$31.63,3563046,$31.48,$31.76,$31.36
03/29/2023,$31.19,4117637,$30.41,$31.26,$30.30
03/28/2023,$30.03,2813363,$29.99,$30.20,$29.77
03/27/2023,$29.93,3233843,$30.39,$30.4662,$29.71
03/24/2023,$29.97,3360702,$28.88,$30.01,$28.73
03/23/2023,$29.27,2350158,$29.35,$29.98,$29.10
03/22/2023,$29.22,2799179,$29.98,$30.20,$29.22
03/21/2023,$29.83,2832242,$29.61,$30.14,$29.39
03/20/2023,$29.09,3421562,$29.07,$29.56,$28.81
03/17/2023,$28.62,4992894,$29.21,$29.29,$28.48
03/16/2023,$29.41,4167323,$28.35,$29.5901,$28.25
03/15/2023,$28.79,5171939,$29.00,$29.45,$28.30
03/14/2023,$29.49,3998056,$30.00,$30.305,$29.22
03/13/2023,$29.04,6417145,$29.55,$29.885,$28.97
03/10/2023,$29.99,7940406,$31.38,$31.60,$29.89
03/09/2023,$31.55,4374857,$32.56,$32.91,$31.48
03/08/2023,$32.43,4847410,$32.24,$32.61,$32.19
03/07/2023,$32.29,4361011,$33.71,$34.15,$32.23
03/06/2023,$33.53,1936482,$34.04,$34.3093,$33.485
03/03/2023,$34.06,1919378,$33.60,$34.10,$33.34
03/02/2023,$33.27,2523489,$32.95,$33.29,$32.43
03/01/2023,$33.14,2808814,$33.25,$33.7395,$33.04
02/28/2023,$33.25,2020981,$33.65,$33.69,$33.22
02/27/2023,$33.66,1876227,$34.05,$34.26,$33.58
02/24/2023,$33.76,2255047,$33.66,$33.82,$33.18
02/23/2023,$34.12,2222626,$34.23,$34.55,$33.73
02/22/2023,$34.13,2003883,$34.40,$34.65,$33.89
02/21/2023,$34.48,3290900,$35.55,$35.84,$34.39
02/17/2023,$35.82,4812474,$35.85,$36.13,$35.50
02/16/2023,$36.01,2287128,$36.00,$36.38,$35.53
02/15/2023,$36.48,1580549,$36.30,$36.59,$35.81
02/14/2023,$36.54,2035993,$36.65,$37.1459,$36.21
02/13/2023,$36.72,2052866,$36.69,$36.87,$36.51
02/10/2023,$36.32,4349202,$36.55,$36.78,$36.06
02/09/2023,$36.69,2305238,$37.99,$38.48,$36.66
02/08/2023,$36.78,1567190,$36.94,$37.26,$36.55
02/07/2023,$36.85,1657757,$36.14,$36.98,$35.76
02/06/2023,$36.24,2379598,$36.71,$36.99,$35.98
02/03/2023,$37.70,2737338,$37.79,$38.02,$37.445
02/02/2023,$38.17,8228758,$37.59,$38.34,$37.2101
02/01/2023,$37.05,6326115,$37.08,$37.28,$36.32
01/31/2023,$37.20,2289060,$36.86,$37.52,$36.695
01/30/2023,$36.68,1188964,$37.49,$37.71,$36.635
01/27/2023,$37.71,1477339,$37.32,$37.95,$37.08
01/26/2023,$37.42,1163050,$37.30,$37.50,$36.92
01/25/2023,$36.92,1652373,$36.07,$37.00,$35.855
01/24/2023,$36.70,1177547,$37.07,$37.07,$36.59
01/23/2023,$36.97,1389496,$36.36,$37.10,$36.10
01/20/2023,$36.27,1469091,$35.56,$36.28,$35.46
01/19/2023,$35.64,1635661,$35.44,$35.92,$35.44
01/18/2023,$35.61,2014220,$35.85,$36.41,$35.60
01/17/2023,$35.65,1554929,$35.96,$36.12,$35.425
01/13/2023,$35.58,2184557,$34.88,$35.72,$34.78
01/12/2023,$35.15,2464300,$34.94,$35.55,$34.48
01/11/2023,$34.59,1834355,$34.03,$34.69,$34.01
01/10/2023,$33.67,1373167,$33.79,$33.926,$33.29
01/09/2023,$33.84,1955707,$33.69,$34.44,$33.45
01/06/2023,$33.27,2028284,$32.34,$33.39,$32.13
01/05/2023,$32.10,1795084,$32.56,$32.76,$31.91
01/04/2023,$32.90,2016563,$31.96,$32.9576,$31.96
01/03/2023,$31.56,1666283,$31.76,$32.12,$31.18
12/30/2022,$31.46,1814310,$31.75,$32.07,$31.25
12/29/2022,$32.04,2172743,$31.41,$32.19,$31.26
12/28/2022,$31.07,3310078,$31.52,$31.92,$31.035
12/27/2022,$31.44,N/A,$31.44,$31.44,$31.44
12/23/2022,$31.44,N/A,$31.44,$31.44,$31.44
12/22/2022,$31.44,N/A,$31.44,$31.44,$31.44
12/21/2022,$31.44,3837797,$31.00,$31.68,$30.77
12/20/2022,$30.87,4448306,$31.17,$31.33,$30.78
12/19/2022,$31.39,4328790,$32.26,$32.46,$31.32
12/16/2022,$32.40,4741562,$32.56,$33.08,$32.32
12/15/2022,$33.11,4104557,$33.38,$33.55,$33.01
12/14/2022,$33.58,5317377,$34.01,$34.44,$33.58
12/13/2022,$33.85,4948214,$34.12,$34.97,$33.75
12/12/2022,$33.64,5275179,$36.15,$36.345,$33.02
12/09/2022,$43.15,2594170,$43.42,$43.67,$43.075
12/08/2022,$43.61,3113478,$43.48,$44.13,$43.47
12/07/2022,$43.30,3079123,$43.11,$43.925,$43.10
12/06/2022,$43.35,1995529,$44.11,$44.19,$42.99
12/05/2022,$44.15,2764378,$44.47,$44.9897,$43.61
12/02/2022,$45.13,2774804,$45.89,$46.11,$44.92
12/01/2022,$46.73,3335489,$47.43,$47.53,$45.56
11/30/2022,$47.15,4248983,$45.48,$47.52,$44.78
11/29/2022,$44.97,2159606,$45.21,$45.21,$44.62
11/28/2022,$45.33,2405890,$46.15,$46.37,$45.205
11/25/2022,$46.56,1094439,$45.71,$46.82,$45.70
11/23/2022,$45.70,2364289,$44.70,$45.72,$44.70
11/22/2022,$44.70,1340028,$44.14,$44.78,$44.0875
11/21/2022,$44.07,2365185,$43.97,$44.60,$43.60
11/18/2022,$44.72,1455460,$45.25,$45.44,$44.36
11/17/2022,$44.94,2457740,$45.20,$45.53,$44.63
11/16/2022,$45.82,2330464,$46.04,$46.195,$45.37
11/15/2022,$46.38,2618316,$46.66,$46.97,$45.69
11/14/2022,$45.63,2331083,$46.23,$46.45,$45.40
11/11/2022,$46.80,4803567,$45.41,$47.38,$45.26
11/10/2022,$44.71,4277561,$42.73,$46.15,$42.22
11/09/2022,$40.54,3345879,$40.65,$41.34,$40.51
11/08/2022,$41.27,2734504,$41.36,$42.16,$40.91
11/07/2022,$41.22,2428570,$40.54,$41.325,$40.41
11/04/2022,$40.45,2512120,$39.92,$40.92,$39.59
11/03/2022,$38.87,3357647,$38.34,$39.14,$38.19
11/02/2022,$38.80,2858476,$39.99,$40.86,$38.77
11/01/2022,$40.02,3203410,$40.68,$40.99,$39.83
10/31/2022,$39.61,2687569,$39.87,$40.11,$39.37
10/28/2022,$40.19,2214813,$39.71,$40.27,$39.28
10/27/2022,$39.78,4255105,$39.62,$40.83,$39.49
10/26/2022,$39.46,3378381,$39.15,$40.28,$38.89
10/25/2022,$39.24,3669948,$38.36,$39.51,$38.24
10/24/2022,$38.10,3199666,$38.40,$38.51,$37.17
10/21/2022,$38.25,4093844,$37.46,$38.26,$37.10
10/20/2022,$37.75,2917352,$38.75,$39.245,$37.70
10/19/2022,$38.75,2746826,$39.54,$39.68,$38.61
10/18/2022,$39.93,2521033,$40.04,$40.40,$39.505
10/17/2022,$39.06,2640069,$38.87,$39.64,$38.70
10/14/2022,$37.90,2984071,$39.69,$39.94,$37.89
10/13/2022,$39.11,4101544,$37.46,$39.505,$36.93
10/12/2022,$38.43,5421991,$38.75,$38.92,$38.11
10/11/2022,$38.83,3472825,$40.07,$40.20,$38.59
10/10/2022,$40.04,1255017,$40.64,$40.79,$40.04
10/07/2022,$40.42,2455121,$41.70,$41.82,$40.165
10/06/2022,$42.11,2165796,$42.96,$43.11,$41.95
10/05/2022,$43.40,1795515,$43.45,$43.72,$42.90
10/04/2022,$44.32,2766151,$42.99,$44.33,$42.91
10/03/2022,$42.18,1865390,$41.68,$42.64,$41.19
09/30/2022,$40.89,2175616,$40.92,$42.095,$40.66
09/29/2022,$40.72,3038628,$41.68,$41.81,$40.25
09/28/2022,$42.29,3107931,$41.66,$42.525,$41.55
09/27/2022,$41.50,2710459,$43.17,$43.46,$41.385
09/26/2022,$42.67,2070858,$43.47,$43.97,$42.355
09/23/2022,$43.81,2935744,$44.83,$44.88,$43.48
09/22/2022,$45.56,1547365,$46.41,$46.66,$45.47
09/21/2022,$46.44,1436969,$47.52,$47.84,$46.42
09/20/2022,$47.42,1346592,$47.93,$48.1099,$47.03
09/19/2022,$48.38,1076432,$47.49,$48.44,$47.38
09/16/2022,$48.03,1033867,$48.20,$48.34,$47.54
09/15/2022,$48.80,1312565,$49.28,$50.04,$48.74
09/14/2022,$49.73,909080,$49.38,$50.19,$49.30
09/13/2022,$49.39,1386115,$50.12,$50.33,$49.21
09/12/2022,$51.33,1606309,$50.68,$51.45,$50.68
09/09/2022,$50.30,1385036,$49.93,$50.42,$49.72
09/08/2022,$49.43,1376857,$47.77,$49.46,$47.56
09/07/2022,$48.21,1178691,$47.22,$48.28,$46.97
09/06/2022,$47.24,1417619,$47.61,$47.81,$46.53
09/02/2022,$47.57,1509244,$48.03,$48.56,$47.29
09/01/2022,$47.48,1617026,$47.68,$47.86,$46.62
08/31/2022,$48.11,1255356,$48.56,$49.14,$48.08
08/30/2022,$48.60,1246431,$49.35,$49.705,$48.47
08/29/2022,$49.23,1183510,$48.88,$49.52,$48.72
08/26/2022,$49.18,1576096,$51.32,$51.47,$49.13
08/25/2022,$51.52,1007190,$51.26,$51.70,$51.09
08/24/2022,$51.03,741513,$50.76,$51.53,$50.69
08/23/2022,$51.09,1032292,$51.12,$51.60,$50.75
08/22/2022,$51.02,1610232,$50.69,$51.17,$50.37
08/19/2022,$51.65,888112,$52.23,$52.23,$51.175
08/18/2022,$52.46,1021261,$52.49,$52.78,$52.20
08/17/2022,$52.49,1060858,$52.36,$52.88,$51.935
08/16/2022,$53.07,1268928,$53.01,$53.285,$52.52
08/15/2022,$53.16,1098193,$52.96,$53.57,$52.89
08/12/2022,$53.72,1529103,$53.95,$53.98,$53.27
08/11/2022,$53.56,2299173,$53.29,$54.08,$52.77
08/10/2022,$52.97,2326255,$51.24,$53.13,$50.9756
08/09/2022,$50.20,1503785,$50.00,$50.30,$49.67
08/08/2022,$50.24,1296465,$50.26,$50.88,$50.13
08/05/2022,$49.85,1023365,$49.64,$49.93,$49.139
08/04/2022,$50.27,893940,$49.86,$50.27,$49.58
08/03/2022,$49.73,985727,$49.55,$49.915,$49.07
08/02/2022,$48.98,1444865,$49.43,$49.49,$48.82
08/01/2022,$49.60,1435679,$49.13,$49.8875,$48.82
07/29/2022,$49.60,1398891,$49.13,$49.8875,$48.82
07/28/2022,$49.26,1645417,$48.30,$49.45,$47.92
07/27/2022,$48.37,1562959,$47.75,$48.77,$47.6741
07/26/2022,$47.35,1338783,$47.92,$48.0656,$47.04
07/25/2022,$48.26,1659528,$48.15,$48.3697,$47.75
07/22/2022,$48.00,1684369,$48.07,$48.56,$47.50
07/21/2022,$48.04,1315206,$47.50,$48.07,$47.12
07/20/2022,$47.56,1155906,$46.56,$47.825,$46.56
07/19/2022,$46.84,1750382,$45.63,$47.10,$45.43
07/18/2022,$44.97,959722,$45.39,$45.76,$44.89
07/15/2022,$44.75,1343339,$43.91,$44.77,$43.33
07/14/2022,$43.23,1733110,$43.34,$43.585,$42.21
07/13/2022,$44.15,1284455,$44.01,$44.545,$43.39
07/12/2022,$44.88,1228308,$44.10,$45.32,$44.10
07/11/2022,$44.46,1044960,$44.96,$45.12,$44.28
07/08/2022,$45.44,1204323,$45.51,$45.84,$45.05
07/07/2022,$45.84,1134384,$45.04,$45.9207,$45.02
07/06/2022,$44.60,1811013,$44.87,$45.07,$44.02
07/05/2022,$44.87,1896770,$44.18,$44.9175,$43.55
07/01/2022,$45.02,886572,$44.21,$45.12,$44.04
06/30/2022,$44.47,2002400,$44.30,$44.80,$43.65
06/29/2022,$44.69,1487796,$44.82,$45.19,$44.31
06/28/2022,$45.07,1658763,$46.18,$46.47,$44.79
06/27/2022,$45.73,979779,$46.11,$46.11,$45.30
06/24/2022,$45.65,1122660,$44.98,$45.82,$44.53
06/23/2022,$44.37,1221725,$43.72,$44.425,$43.52
06/22/2022,$43.51,1562738,$43.07,$44.015,$42.86
06/21/2022,$43.81,1747919,$44.15,$44.51,$43.66
06/17/2022,$43.37,2348494,$43.13,$44.05,$42.89
06/16/2022,$43.18,2904762,$44.42,$44.70,$42.98
06/15/2022,$45.72,2686735,$45.54,$46.47,$44.84
06/14/2022,$44.92,2534807,$45.39,$45.40,$44.44
06/13/2022,$45.23,3123020,$45.55,$45.85,$44.77
06/10/2022,$47.19,1374620,$47.96,$48.10,$46.98
06/09/2022,$48.82,1125424,$49.79,$49.98,$48.82
06/08/2022,$50.17,589401,$50.80,$50.92,$49.97
06/07/2022,$50.98,875055,$50.15,$51.1072,$50.15
06/06/2022,$50.70,1067166,$50.85,$51.47,$50.465
06/03/2022,$50.24,1422669,$50.80,$50.94,$50.06
06/02/2022,$51.37,1354260,$49.88,$51.39,$49.69
06/01/2022,$49.98,1410453,$50.69,$51.17,$49.63
05/31/2022,$50.60,3837929,$50.73,$51.48,$50.04
05/27/2022,$50.34,2717947,$48.50,$50.39,$48.50
05/26/2022,$48.27,1482393,$47.21,$48.7139,$47.08
05/25/2022,$47.03,891872,$46.46,$47.20,$46.32
05/24/2022,$46.84,1574408,$46.74,$46.98,$45.26
05/23/2022,$47.03,1084762,$47.66,$47.78,$46.79
05/20/2022,$47.09,1981701,$47.09,$47.31,$45.755
05/19/2022,$46.30,3005694,$45.60,$46.87,$45.15
05/18/2022,$45.89,2439695,$48.27,$48.36,$45.78
05/17/2022,$48.92,2476718,$48.84,$49.41,$48.415
05/16/2022,$47.78,2508145,$47.75,$48.45,$46.95
05/13/2022,$47.71,2942231,$46.25,$48.02,$45.65
05/12/2022,$45.43,3774760,$46.43,$46.43,$44.125
05/11/2022,$46.83,2411341,$47.00,$48.29,$46.64
05/10/2022,$47.16,3402523,$47.34,$47.91,$46.29
05/09/2022,$46.31,2845828,$47.55,$48.10,$46.23
05/06/2022,$48.44,2421923,$48.80,$48.93,$47.82
05/05/2022,$49.21,2231251,$51.32,$51.50,$48.91
05/04/2022,$51.91,2295959,$50.53,$51.95,$49.92
05/03/2022,$50.55,1325569,$50.46,$51.00,$50.05
05/02/2022,$50.20,1836799,$49.76,$50.27,$49.12
04/29/2022,$49.86,1380134,$51.46,$51.85,$49.665
04/28/2022,$51.64,1346638,$50.87,$51.89,$50.53
04/27/2022,$50.32,2086056,$50.85,$51.45,$50.20
04/26/2022,$49.74,2190084,$51.41,$51.50,$49.685
04/25/2022,$51.89,1960456,$51.10,$52.16,$50.58
04/22/2022,$51.64,1889275,$54.21,$54.21,$51.55
04/21/2022,$54.41,1056381,$56.12,$56.59,$54.35
04/20/2022,$55.55,982072,$55.47,$55.75,$54.87
04/19/2022,$54.83,1253169,$53.81,$55.17,$53.81
04/18/2022,$53.78,1078680,$54.41,$54.56,$53.555
04/14/2022,$54.63,1228032,$54.63,$55.28,$54.38
04/13/2022,$54.47,1122322,$53.87,$54.69,$53.52
04/12/2022,$53.85,1102644,$54.61,$55.10,$53.76
04/11/2022,$54.58,1426620,$55.72,$55.94,$54.51
04/08/2022,$56.14,891482,$56.31,$56.76,$55.85
04/07/2022,$56.32,1936664,$57.02,$57.12,$55.94
04/06/2022,$57.38,1683528,$57.76,$57.94,$57.02
04/05/2022,$58.19,2146193,$58.61,$59.16,$58.01
04/04/2022,$58.62,1157040,$57.49,$58.64,$57.33
04/01/2022,$57.15,1229894,$57.12,$57.25,$56.53
03/31/2022,$56.57,1618597,$57.52,$58.25,$56.57
03/30/2022,$57.61,859012,$57.86,$58.35,$57.39
03/29/2022,$58.28,1024351,$58.09,$58.41,$57.78
03/28/2022,$57.18,894723,$56.64,$57.24,$56.21
03/25/2022,$56.86,1151815,$56.61,$56.90,$56.02
03/24/2022,$56.36,1411416,$55.77,$56.52,$55.395
03/23/2022,$55.47,1103126,$56.49,$56.60,$55.45
03/22/2022,$56.65,1054580,$56.61,$56.92,$56.29
03/21/2022,$56.03,961211,$55.71,$56.185,$55.19
03/18/2022,$55.91,1369028,$55.29,$57.78,$54.70
03/17/2022,$55.47,1440546,$54.52,$55.49,$54.31
03/16/2022,$54.57,1961391,$53.39,$54.95,$53.02
03/15/2022,$52.79,1778494,$52.48,$52.88,$51.96
03/14/2022,$52.13,1425994,$53.39,$54.01,$51.83
03/11/2022,$53.50,1720150,$54.11,$54.65,$53.45
03/10/2022,$53.92,977405,$53.45,$54.08,$53.09
03/09/2022,$54.26,1774216,$53.48,$54.44,$53.06
03/08/2022,$52.20,1403489,$52.74,$53.53,$51.78
03/07/2022,$52.29,2767301,$53.72,$54.265,$52.25
03/04/2022,$54.00,1382351,$53.24,$54.03,$52.78
03/03/2022,$53.92,1094727,$54.89,$55.02,$53.601
03/02/2022,$54.77,1448815,$53.68,$54.98,$53.67
03/01/2022,$53.38,1675572,$54.51,$54.68,$52.62
02/28/2022,$54.64,2183490,$53.76,$54.75,$53.43
02/25/2022,$54.82,1728083,$53.39,$54.855,$52.77
02/24/2022,$53.30,2090318,$50.20,$53.375,$50.05
02/23/2022,$52.32,1359867,$54.02,$54.21,$52.24
02/22/2022,$53.39,1979974,$53.14,$53.95,$52.66
02/18/2022,$53.20,3594043,$54.78,$55.04,$52.995
02/17/2022,$54.58,1748655,$56.00,$56.09,$54.52
02/16/2022,$56.44,1599610,$56.39,$56.685,$55.785
02/15/2022,$56.50,2051343,$57.59,$57.86,$56.29
02/14/2022,$56.66,2684625,$58.07,$58.07,$56.29
02/11/2022,$58.05,3055533,$59.99,$60.20,$57.98
02/10/2022,$59.72,5876172,$59.70,$62.465,$59.52
02/09/2022,$56.90,3147825,$56.75,$57.57,$56.72
02/08/2022,$56.11,1539267,$55.59,$56.305,$55.01
02/07/2022,$55.78,1641541,$54.75,$56.32,$54.75
02/04/2022,$54.65,3136869,$54.15,$55.27,$54.15
02/03/2022,$54.40,2027717,$55.23,$55.285,$54.39
02/02/2022,$55.85,1294443,$56.01,$56.10,$55.215
02/01/2022,$55.56,1587277,$55.20,$55.64,$54.43
01/31/2022,$55.10,2191296,$52.90,$55.23,$52.83
01/28/2022,$53.18,1891701,$52.175,$53.22,$51.85
01/27/2022,$52.28,2843670,$53.26,$53.44,$52.14
01/26/2022,$52.73,3038676,$54.38,$55.07,$52.47
01/25/2022,$53.85,2175140,$52.59,$54.515,$52.33
01/24/2022,$53.62,2405788,$52.03,$53.71,$50.87
01/21/2022,$53.39,1897062,$54.54,$54.54,$53.30
01/20/2022,$54.87,1353320,$55.41,$56.44,$54.69
01/19/2022,$54.99,1667879,$56.01,$56.01,$54.63
01/18/2022,$55.56,2212956,$56.63,$56.76,$55.265
01/14/2022,$57.09,1559895,$57.57,$57.92,$56.51
01/13/2022,$58.31,1472513,$59.06,$59.58,$58.11
01/12/2022,$58.96,2038282,$59.05,$59.91,$58.68
01/11/2022,$58.66,988566,$56.75,$58.69,$56.54
01/10/2022,$56.68,1071428,$56.92,$57.22,$55.975
01/07/2022,$57.37,988413,$57.60,$57.97,$56.88
01/06/2022,$57.55,3149615,$57.75,$57.87,$56.87
01/05/2022,$57.78,1960506,$60.73,$60.87,$57.76
01/04/2022,$60.52,1689219,$60.00,$61.06,$59.96
01/03/2022,$59.95,868533,$60.38,$60.99,$59.625
12/31/2021,$60.38,1137930,$60.53,$60.585,$59.71
12/30/2021,$60.53,753823,$60.95,$61.43,$60.48
12/29/2021,$60.92,1039930,$61.02,$61.47,$60.59
12/28/2021,$60.84,654828,$60.80,$61.20,$60.64
12/27/2021,$60.81,575662,$59.93,$60.84,$59.69
12/23/2021,$59.94,1004009,$58.99,$60.07,$58.8033
12/22/2021,$58.79,952352,$57.84,$58.79,$57.57
12/21/2021,$57.86,1133437,$57.21,$58.295,$57.15
12/20/2021,$56.58,958217,$56.37,$57.01,$55.83
12/17/2021,$57.32,1121326,$57.67,$58.12,$56.70
12/16/2021,$58.31,1444697,$59.10,$59.47,$58.25
12/15/2021,$59.03,1508825,$57.64,$59.32,$57.22
12/14/2021,$57.62,1723503,$57.33,$58.2513,$57.31
12/13/2021,$58.04,1241908,$58.11,$58.31,$57.675
12/10/2021,$58.38,846655,$58.26,$58.51,$57.83
12/09/2021,$57.89,761352,$58.05,$58.43,$57.60
12/08/2021,$58.38,861702,$58.94,$59.29,$58.25
12/07/2021,$58.92,1205621,$58.60,$59.315,$58.44
12/06/2021,$57.29,1496772,$56.42,$57.73,$56.02
12/03/2021,$55.50,2040600,$57.26,$57.72,$54.85
12/02/2021,$57.11,1297944,$55.60,$57.41,$55.52
12/01/2021,$55.40,2476975,$56.90,$57.26,$55.40
11/30/2021,$56.17,2178562,$57.58,$57.73,$55.88
11/29/2021,$57.92,1443330,$58.06,$58.79,$57.595
11/26/2021,$57.55,934543,$57.49,$57.82,$56.80
11/24/2021,$59.12,895295,$58.11,$59.18,$58.01
11/23/2021,$58.47,1349442,$58.74,$58.98,$57.67
11/22/2021,$58.85,991823,$59.81,$60.34,$58.7678
11/19/2021,$59.60,1242315,$59.01,$59.61,$58.45
11/18/2021,$59.37,796159,$59.39,$59.95,$58.93
11/17/2021,$59.36,1559882,$59.44,$59.83,$58.9245
11/16/2021,$59.47,1200371,$59.24,$59.78,$59.24
11/15/2021,$59.22,1499421,$60.55,$61.21,$59.12
11/12/2021,$60.36,2274708,$59.01,$61.49,$59.01
11/11/2021,$58.94,1552543,$61.18,$61.18,$58.76
11/10/2021,$60.40,1254268,$60.97,$60.97,$60.27
11/09/2021,$61.43,1096234,$61.48,$61.95,$60.91
11/08/2021,$61.49,850750,$61.97,$62.20,$61.32
11/05/2021,$61.58,1217082,$61.06,$61.93,$61.04
11/04/2021,$60.56,850309,$60.42,$60.95,$60.06
11/03/2021,$60.70,1233834,$60.44,$60.78,$59.76
11/02/2021,$60.39,1571862,$60.30,$61.30,$60.02
11/01/2021,$60.29,1516886,$60.62,$60.90,$60.08
10/29/2021,$60.39,2265594,$61.42,$61.95,$60.32
10/28/2021,$61.85,1507641,$60.84,$61.935,$60.84
10/27/2021,$60.68,2167023,$61.00,$61.50,$60.65
10/26/2021,$61.26,1258083,$61.91,$61.97,$61.10
10/25/2021,$61.50,1242287,$60.95,$61.61,$60.56
10/22/2021,$61.01,1064841,$60.60,$61.08,$60.22
10/21/2021,$60.38,1265311,$59.69,$60.445,$59.475
10/20/2021,$59.69,1495213,$58.75,$59.86,$58.53
10/19/2021,$58.66,1251420,$58.97,$59.00,$58.41
10/18/2021,$58.56,653901,$58.45,$58.61,$58.12
10/15/2021,$58.73,1188156,$58.68,$58.87,$58.44
10/14/2021,$58.09,1357954,$57.02,$58.14,$57.02
10/13/2021,$56.77,883519,$56.67,$56.87,$56.05
10/12/2021,$56.40,1112706,$56.22,$56.65,$56.06
10/11/2021,$56.22,930419,$56.24,$56.579,$56.06
10/08/2021,$56.30,1287635,$55.81,$56.41,$55.425
10/07/2021,$55.80,1468047,$54.93,$56.35,$54.93
10/06/2021,$54.34,1325151,$53.52,$54.53,$53.39
10/05/2021,$54.24,1044548,$54.00,$54.63,$53.74
10/04/2021,$53.79,1543985,$54.48,$54.57,$53.24
10/01/2021,$54.62,1870459,$53.85,$54.88,$53.27
09/30/2021,$53.51,2956784,$53.58,$54.29,$53.27
09/29/2021,$53.34,2307343,$54.13,$54.22,$53.16
09/28/2021,$53.94,3228273,$55.00,$55.00,$53.83
09/27/2021,$55.57,1854579,$55.98,$56.10,$55.30
09/24/2021,$55.99,1240160,$55.77,$56.13,$55.27
09/23/2021,$56.19,2916911,$56.00,$56.61,$55.94
09/22/2021,$55.61,2443686,$54.95,$55.93,$54.61
09/21/2021,$54.45,3302489,$52.95,$54.90,$52.84
09/20/2021,$52.35,2125932,$52.98,$53.04,$51.70
09/17/2021,$53.96,2700423,$54.86,$55.16,$53.73
09/16/2021,$55.17,1012922,$55.41,$55.81,$54.74
09/15/2021,$55.54,1366613,$55.28,$55.73,$54.83
09/14/2021,$55.20,1164067,$55.91,$56.01,$55.15
09/13/2021,$55.79,1690855,$55.49,$55.90,$55.34
09/10/2021,$55.09,1224590,$56.35,$56.39,$55.09
09/09/2021,$55.91,1943455,$55.92,$56.71,$55.63
09/08/2021,$55.91,1165199,$56.11,$56.34,$55.68
09/07/2021,$56.36,1253935,$56.52,$56.86,$56.295
09/03/2021,$56.87,1094681,$57.06,$57.06,$56.41
09/02/2021,$56.94,1161656,$56.72,$57.06,$56.65
09/01/2021,$56.52,1602824,$56.03,$56.86,$55.54
08/31/2021,$55.55,2629408,$56.26,$56.62,$55.54
08/30/2021,$56.37,3003094,$57.20,$57.2518,$56.34
08/27/2021,$56.96,1525812,$56.38,$57.135,$56.36
08/26/2021,$56.33,1168786,$56.45,$56.69,$56.25
08/25/2021,$56.39,1544561,$55.86,$56.55,$55.691
08/24/2021,$55.74,1799762,$56.01,$56.27,$55.40
08/23/2021,$56.00,2023206,$56.01,$56.55,$55.95
08/20/2021,$55.68,1923607,$54.58,$55.71,$54.27
08/19/2021,$54.60,1595392,$55.00,$55.04,$54.44
08/18/2021,$55.74,2457787,$55.54,$56.34,$55.30
08/17/2021,$55.25,5246445,$56.30,$56.32,$54.80
08/16/2021,$56.67,2778803,$56.50,$56.95,$56.37
08/13/2021,$56.68,2114164,$56.86,$57.17,$56.35
08/12/2021,$56.55,4507318,$57.32,$57.51,$54.59
08/11/2021,$57.38,2937815,$57.31,$57.70,$56.98
08/10/2021,$57.28,2006568,$57.14,$57.83,$57.14
08/09/2021,$57.05,3439985,$57.00,$57.11,$56.37
08/06/2021,$56.71,3774863,$56.00,$56.98,$55.90
08/05/2021,$55.83,1690865,$55.28,$55.87,$55.21
08/04/2021,$55.13,3728844,$54.26,$55.89,$54.19
08/03/2021,$54.44,2997662,$53.84,$54.53,$53.67
08/02/2021,$54.10,2711028,$54.44,$54.77,$53.87
07/30/2021,$53.99,3688209,$54.22,$54.90,$53.83
07/29/2021,$54.60,6663886,$53.93,$54.80,$53.43
07/28/2021,$53.57,3332221,$52.20,$53.71,$51.885
07/27/2021,$52.15,3445699,$50.40,$52.39,$50.32
07/26/2021,$50.69,5046936,$51.00,$51.16,$50.56
07/23/2021,$51.20,8058768,$51.92,$52.30,$50.97
07/22/2021,$51.43,4542872,$50.97,$51.6982,$50.71
07/21/2021,$50.97,2226455,$49.69,$51.15,$49.61
07/20/2021,$49.18,3524450,$47.89,$49.27,$47.65
07/19/2021,$47.88,6353717,$48.71,$48.80,$47.33
07/16/2021,$49.57,3131888,$50.58,$50.63,$49.50
07/15/2021,$50.43,2612328,$50.38,$50.61,$50.10
07/14/2021,$50.65,2450503,$50.67,$50.92,$50.44
07/13/2021,$50.49,4143010,$50.76,$50.90,$50.08
07/12/2021,$51.02,1899690,$51.13,$51.23,$50.75
07/09/2021,$51.26,1941376,$50.82,$51.295,$50.49
07/08/2021,$50.31,3786563,$50.025,$50.485,$49.25
07/07/2021,$50.90,2477265,$51.14,$51.14,$50.57
07/06/2021,$51.05,3044196,$51.22,$51.22,$50.54
07/02/2021,$51.33,2493860,$51.71,$52.00,$51.00
07/01/2021,$51.67,1470200,$51.05,$51.80,$51.05
06/30/2021,$50.98,3245846,$52.22,$52.43,$50.88
06/29/2021,$52.45,3271435,$52.05,$52.46,$51.52
06/28/2021,$51.98,3306252,$51.76,$52.525,$51.40
06/25/2021,$51.76,3647912,$51.413,$51.7699,$51.0064
06/24/2021,$51.2444,2781135,$50.1735,$51.3882,$50.0049
06/23/2021,$49.7769,2303231,$50.1338,$50.1338,$49.3059
06/22/2021,$49.8859,2930904,$49.3108,$50.048,$49.1026
06/21/2021,$49.291,2148943,$48.7754,$49.4001,$48.5374
06/18/2021,$48.468,4665365,$48.5572,$48.9092,$48.0614
06/17/2021,$48.8547,3230455,$49.8264,$49.8958,$48.825
06/16/2021,$49.7273,5291365,$49.7174,$50.5404,$49.648
06/15/2021,$49.6678,2305613,$49.1423,$49.9653,$49.1125
06/14/2021,$49.172,1754904,$49.172,$49.3108,$48.939
06/11/2021,$49.2117,1592218,$49.4596,$49.6281,$49.1125
06/10/2021,$49.4596,1996999,$49.4794,$49.5438,$48.8696
06/09/2021,$49.1323,1596566,$49.6083,$49.7074,$49.0927
06/08/2021,$49.6083,2177192,$49.7868,$49.9355,$49.529
06/07/2021,$49.7074,1625264,$49.7471,$50.0446,$49.5587
06/04/2021,$49.638,1604571,$49.9553,$50.0148,$49.4397
06/03/2021,$49.5785,2034722,$49.1819,$49.7818,$48.9142
06/02/2021,$49.5488,1846221,$49.9553,$49.9851,$49.291
06/01/2021,$49.757,2750711,$50.2528,$50.3222,$49.648
05/28/2021,$49.9157,2078438,$49.9256,$50.0793,$49.5389
05/27/2021,$49.7471,3409566,$49.5191,$49.9752,$49.2811
05/26/2021,$49.2811,2214348,$48.9638,$49.4596,$48.6217
05/25/2021,$48.9241,3138434,$48.9935,$49.5984,$48.8002
05/24/2021,$48.9439,1542145,$48.4482,$48.9836,$48.4085
05/21/2021,$48.4779,2120832,$48.8646,$49.0034,$48.0218
05/20/2021,$48.696,2464724,$48.6762,$49.2216,$48.5275
05/19/2021,$48.4184,2892161,$47.8929,$48.5176,$47.2186
05/18/2021,$48.587,2892957,$48.3391,$49.4397,$48.2598
05/17/2021,$48.3391,2413508,$47.7937,$48.6465,$47.3872
05/14/2021,$47.9722,4265905,$45.6123,$48.111,$45.5032
05/13/2021,$45.1462,2522240,$45.176,$45.6965,$44.6703
05/12/2021,$44.3629,2515887,$45.1165,$45.6222,$44.3629
05/11/2021,$45.4239,2297083,$45.0669,$45.5156,$44.5513
05/10/2021,$45.6618,1703576,$46.2568,$46.6237,$45.6321
05/07/2021,$46.0486,2182058,$45.2255,$46.3361,$45.176
05/06/2021,$45.3545,1409585,$45.1561,$45.3644,$44.7595
05/05/2021,$45.057,2799116,$45.3445,$45.6718,$44.8884
05/04/2021,$44.8785,1930095,$45.1561,$45.285,$44.2885
05/03/2021,$45.3445,1310990,$45.4139,$45.6124,$45.2355
04/30/2021,$45.1958,1723140,$45.4734,$45.5329,$45.1066
04/29/2021,$45.642,1439124,$45.5825,$46.0287,$45.2652
04/28/2021,$45.3148,3267574,$45.176,$45.5429,$44.9479
04/27/2021,$45.0471,1237034,$45.0471,$45.2355,$44.7198
04/26/2021,$45.0272,1220913,$45.2454,$45.3445,$44.7992
04/23/2021,$44.9479,1571409,$44.7595,$44.9925,$44.5414
04/22/2021,$44.6405,1768860,$44.7397,$45.1363,$44.3827
04/21/2021,$44.7694,1752660,$43.8274,$44.7793,$43.6291
04/20/2021,$43.8373,2821634,$45.2454,$45.3743,$43.5895
04/19/2021,$45.404,1705195,$45.8502,$46.2964,$45.2454
04/16/2021,$45.7213,1831901,$45.8106,$46.1932,$45.4635
04/15/2021,$45.8701,1932422,$45.2454,$45.88,$45.1661
04/14/2021,$45.0074,2931033,$45.1165,$45.6817,$44.8686
04/13/2021,$45.1264,1789136,$45.6123,$45.6123,$45.0272
04/12/2021,$45.5726,1731462,$45.0867,$45.8205,$44.9876
04/09/2021,$45.1462,2145707,$44.8884,$45.1661,$44.5265
04/08/2021,$44.8785,1449180,$44.938,$45.0272,$44.6207
04/07/2021,$44.8587,1817376,$44.6703,$45.0074,$44.5017
04/06/2021,$44.6504,2567448,$44.9182,$45.0867,$44.4819
04/05/2021,$45.0173,2235381,$44.8686,$45.3049,$44.5909
04/01/2021,$44.3728,4891271,$44.3133,$44.4819,$43.5895
03/31/2021,$44.1249,3786008,$44.8587,$44.8587,$43.9838
03/30/2021,$44.9677,1671688,$45.1561,$45.3049,$44.7496
03/29/2021,$45.2355,1468551,$44.8388,$45.4239,$44.467
03/26/2021,$45.285,1390380,$45.0669,$45.4913,$44.70
03/25/2021,$45.0173,2173158,$44.3629,$45.2206,$44.1447
03/24/2021,$44.6108,1632735,$44.5513,$45.285,$44.5513
03/23/2021,$44.4224,3115425,$44.5513,$44.938,$44.3629
03/22/2021,$44.9082,1810666,$44.7694,$45.3247,$44.472
03/19/2021,$44.7694,1765237,$44.5711,$45.0768,$44.3133
03/18/2021,$44.6703,3525263,$45.1958,$45.3941,$44.4918
03/17/2021,$45.2454,3641536,$43.4011,$45.2751,$43.1829
03/16/2021,$43.3812,2290676,$43.1135,$43.5399,$42.8656
03/15/2021,$43.1532,2325210,$43.173,$43.4011,$42.6375
03/12/2021,$43.1829,2151802,$42.8854,$43.1928,$42.6177
03/11/2021,$42.8359,1613659,$42.3897,$43.0143,$42.2806
03/10/2021,$42.2608,1668092,$42.2112,$42.469,$41.8046
03/09/2021,$41.9434,2180246,$41.7154,$42.707,$41.7154
03/08/2021,$41.4873,2196981,$41.4477,$41.8939,$41.1006
03/05/2021,$41.2593,2814987,$40.7635,$41.4477,$40.3669
03/04/2021,$40.5057,4718710,$40.8527,$41.4179,$39.9603
03/03/2021,$40.9519,2301280,$41.5171,$41.76,$40.9221
03/02/2021,$41.6559,4086491,$41.0312,$41.8046,$40.9122
03/01/2021,$40.942,2707213,$40.7932,$41.2097,$40.6544
02/26/2021,$40.0099,3123701,$41.4377,$41.5171,$40.0099
02/25/2021,$41.2493,3822687,$43.8274,$43.8671,$41.2394
02/24/2021,$43.8373,2567230,$42.8359,$43.8572,$42.4095
02/23/2021,$42.8359,2852782,$43.1928,$43.3019,$42.4095
02/22/2021,$43.054,1753199,$42.7466,$43.1432,$42.5086
02/19/2021,$43.0838,1896145,$43.3614,$43.7283,$43.0342
02/18/2021,$43.4407,2336585,$43.1333,$43.639,$42.8805
02/17/2021,$43.5994,2645828,$43.1333,$43.7481,$42.8854
02/16/2021,$43.3217,3452495,$42.8854,$43.4011,$42.588
02/12/2021,$42.588,2974287,$42.0525,$43.1432,$41.993
02/11/2021,$42.2112,3006569,$42.0129,$42.6177,$41.4179
02/10/2021,$40.6742,2613193,$41.4179,$41.4278,$40.5156
02/09/2021,$41.061,2159274,$40.6842,$41.2394,$40.3272
02/08/2021,$40.8726,3286881,$40.704,$41.1105,$40.3173
02/05/2021,$40.5652,2674227,$40.6445,$41.1304,$40.466
02/04/2021,$40.466,2801305,$39.9603,$41.024,$39.9603
02/03/2021,$39.8612,3222219,$39.0778,$39.9405,$38.8535
02/02/2021,$39.2563,2180050,$39.1175,$39.6331,$39.058
02/01/2021,$38.7803,3498810,$38.82,$39.2563,$38.6118
01/29/2021,$38.5126,5946387,$38.9687,$39.1671,$38.0565
01/28/2021,$39.4149,3849964,$38.1556,$39.5141,$38.0367
01/27/2021,$38.0862,4619740,$38.4234,$38.4333,$37.6995
01/26/2021,$38.8696,2023671,$38.473,$38.9638,$38.1656
01/25/2021,$38.2151,2187503,$38.0267,$38.5027,$37.7491
01/22/2021,$38.1259,2390309,$38.2052,$38.3242,$37.779
01/21/2021,$38.4829,1685417,$38.8696,$39.0381,$38.4035
01/20/2021,$38.9192,2933008,$38.2548,$39.0431,$37.8582
01/19/2021,$37.9573,3769938,$38.7704,$38.9092,$37.9573
01/15/2021,$38.4135,3157291,$38.0367,$38.6217,$37.6004
01/14/2021,$38.344,3136014,$37.9375,$38.354,$37.7789
01/13/2021,$37.8681,3181527,$38.4829,$38.4928,$37.8681
01/12/2021,$38.3936,1737600,$38.1854,$38.6161,$37.759
01/11/2021,$38.1854,2369262,$38.3639,$38.6613,$38.0168
01/08/2021,$38.8894,2934065,$38.9192,$38.9884,$38.2052
01/07/2021,$38.6514,2864307,$39.5736,$39.6331,$38.3624
01/06/2021,$39.3059,6025890,$39.1373,$39.5637,$38.6068
01/05/2021,$38.6911,3871626,$39.2464,$39.5934,$38.5424
01/04/2021,$39.1175,5569286,$40.6941,$41.2791,$38.6316
12/31/2020,$40.9221,1748398,$40.8924,$41.4328,$40.7932
12/30/2020,$41.0114,906575,$41.1403,$41.5865,$40.9717
12/29/2020,$40.942,1250241,$40.9915,$41.2791,$40.5156
12/28/2020,$40.6346,1035070,$40.932,$41.2097,$40.4462
12/24/2020,$40.5652,867615,$40.1586,$40.6643,$40.1388
12/23/2020,$39.9405,1086849,$39.7521,$40.1289,$39.3951
12/22/2020,$39.2265,1087095,$39.3257,$39.4992,$38.8894
12/21/2020,$39.3455,2090944,$38.9886,$39.5438,$38.5027
12/18/2020,$39.9107,2427402,$40.4263,$40.5945,$39.4695
12/17/2020,$40.5255,1680408,$40.5751,$40.7734,$40.0495
12/16/2020,$40.2379,1091882,$40.8825,$41.0213,$40.2082
12/15/2020,$40.8825,1301802,$40.6346,$40.942,$40.1884
12/14/2020,$40.2677,1435753,$41.5468,$41.7551,$40.228
12/11/2020,$41.3088,1876243,$41.6162,$41.6261,$41.1006
12/10/2020,$42.0823,2193709,$40.9023,$42.1864,$40.6693
12/09/2020,$41.1502,1680942,$41.646,$41.646,$40.6048
12/08/2020,$41.4377,1215770,$41.1998,$41.5865,$41.1204
12/07/2020,$41.4675,1713685,$41.9633,$42.0426,$41.3683
12/04/2020,$42.1814,2584663,$41.1403,$42.2409,$41.061
12/03/2020,$40.8726,3072564,$40.7238,$41.1006,$40.3768
12/02/2020,$40.5751,3316458,$40.2181,$40.7189,$40.0099
12/01/2020,$40.2082,2726905,$40.8329,$40.9023,$40.1884
11/30/2020,$40.1487,2926656,$40.6346,$40.8131,$39.8314
11/27/2020,$40.7734,1163422,$40.585,$41.17,$40.3669
11/25/2020,$41.2097,2711277,$42.3202,$42.3302,$40.9668
11/24/2020,$42.6772,3606677,$41.4377,$42.7764,$41.051
11/23/2020,$40.6544,2203010,$40.4065,$40.7734,$39.9504
11/20/2020,$39.9206,1914290,$40.3272,$40.4065,$39.6133
11/19/2020,$40.4759,1894072,$40.00,$40.5156,$39.6232
11/18/2020,$40.4958,3518486,$40.6544,$41.3584,$40.4858
11/17/2020,$40.2677,4892341,$38.939,$40.6346,$38.939
11/16/2020,$39.4249,4090861,$37.6698,$39.4298,$37.5409
11/13/2020,$36.8666,2785176,$36.1725,$36.9955,$36.1725
11/12/2020,$35.7065,3702545,$37.5012,$37.64,$35.5082
11/11/2020,$37.3822,6184191,$37.5905,$38.0069,$37.1145
11/10/2020,$37.0947,5828044,$35.6966,$37.2533,$35.5181
11/09/2020,$35.4982,7038233,$35.5776,$37.174,$35.2702
11/06/2020,$32.821,3898330,$33.4853,$33.8324,$32.702
11/05/2020,$33.3267,3295752,$32.5136,$33.4903,$32.4739
11/04/2020,$31.76,3187511,$31.7699,$32.0872,$31.1353
11/03/2020,$31.6807,2863532,$30.4115,$31.8592,$30.3817
11/02/2020,$29.7769,2952075,$30.0248,$30.0925,$29.4695
10/30/2020,$29.529,4302324,$29.7471,$29.762,$28.8448
10/29/2020,$29.9058,4426419,$30.0644,$30.1735,$29.6083
10/28/2020,$30.0347,3488010,$30.8973,$31.0086,$30.0149
10/27/2020,$31.5815,2324205,$32.2558,$32.3946,$31.5716
10/26/2020,$32.3351,2999860,$33.3961,$33.4259,$32.1368
10/23/2020,$33.6242,1509462,$33.9613,$33.9613,$33.3267
10/22/2020,$33.6043,1792805,$33.2771,$33.6341,$33.1482
10/21/2020,$33.297,1676844,$33.3168,$33.6043,$33.0491
10/20/2020,$33.4259,2134748,$33.7233,$33.8027,$33.2672
10/19/2020,$33.406,2498521,$34.2389,$34.3381,$33.3168
10/16/2020,$33.4556,1907352,$33.6043,$33.7134,$33.2573
10/15/2020,$33.4754,2360042,$33.0689,$33.5151,$32.9995
10/14/2020,$33.7134,1581104,$34.2191,$34.2885,$33.6936
10/13/2020,$34.1001,1386481,$34.7645,$34.8537,$33.8225
10/12/2020,$34.8537,1103359,$34.8339,$35.0818,$34.7546
10/09/2020,$34.8835,1570259,$35.4487,$35.5082,$34.8388
10/08/2020,$35.2404,2496045,$35.1413,$35.528,$34.8735
10/07/2020,$34.7744,2352060,$34.0307,$34.8934,$33.9415
10/06/2020,$33.5944,2136473,$33.8423,$34.4918,$33.5348
10/05/2020,$33.8919,1785437,$33.8919,$34.1001,$33.5052
10/02/2020,$33.5548,1362232,$32.9697,$33.6143,$32.8607
10/01/2020,$33.4457,2450719,$33.0689,$33.5845,$32.7318
09/30/2020,$32.7813,2187998,$32.7417,$33.1185,$32.6326
09/29/2020,$32.6326,2399619,$32.9896,$33.168,$32.3847
09/28/2020,$33.178,1915711,$32.9003,$33.5944,$32.7516
09/25/2020,$32.2161,2171039,$31.4625,$32.3748,$31.3138
09/24/2020,$31.4923,2072101,$31.4725,$31.8493,$31.0362
09/23/2020,$31.6609,1607821,$32.9598,$32.9995,$31.6311
09/22/2020,$32.5533,1332199,$32.2558,$32.7863,$32.2261
09/21/2020,$32.2558,1819144,$32.345,$32.4839,$31.7003
09/18/2020,$33.178,1339384,$33.3168,$33.6936,$32.9648
09/17/2020,$33.3763,1754287,$33.287,$33.5647,$33.1383
09/16/2020,$33.6737,1977706,$33.1185,$34.0803,$33.1185
09/15/2020,$33.0788,2981436,$33.0788,$33.4754,$32.9697
09/14/2020,$32.8408,2046909,$32.9697,$33.1978,$32.7466
09/11/2020,$32.7417,1764668,$32.2261,$32.7714,$32.2261
09/10/2020,$32.2161,2490495,$32.6723,$32.7417,$32.0228
09/09/2020,$32.6425,1325246,$32.4839,$32.8805,$32.3946
09/08/2020,$32.1765,1686196,$32.6326,$32.7218,$32.1071
09/04/2020,$32.9896,2167627,$33.9613,$34.0605,$32.6128
09/03/2020,$33.525,1708188,$34.3877,$34.6257,$33.2275
09/02/2020,$34.3778,1563634,$33.8126,$34.5662,$33.7134
09/01/2020,$33.6638,1360789,$33.3465,$33.8027,$32.9102
08/31/2020,$33.4556,1866062,$34.4571,$34.5265,$33.4358
08/28/2020,$34.5463,1715603,$34.5265,$34.6306,$34.12
08/27/2020,$34.4174,2051842,$34.11,$34.6157,$33.9811
08/26/2020,$34.0208,2196041,$33.4159,$34.116,$33.2176
08/25/2020,$33.3961,1176085,$33.9117,$34.0505,$33.2375
08/24/2020,$33.8225,1482839,$33.7035,$34.0307,$33.5696
08/21/2020,$33.5647,1251381,$33.0689,$33.5746,$32.94
08/20/2020,$33.2573,1256042,$33.2176,$33.6638,$33.1978
08/19/2020,$33.4953,1480733,$33.5944,$33.7332,$33.3366
08/18/2020,$33.3664,2723081,$34.1794,$34.2489,$33.2284
08/17/2020,$34.1001,2751744,$33.9018,$34.6455,$33.6936
08/14/2020,$33.3564,4008015,$32.8706,$34.0704,$32.2558
08/13/2020,$32.9796,3480583,$33.2176,$33.3862,$32.7218
08/12/2020,$33.5647,2374385,$33.9911,$34.6257,$33.4953
08/11/2020,$33.5647,2027926,$33.1086,$34.8537,$32.9796
08/10/2020,$32.6524,2064529,$32.1765,$32.7912,$32.0377
08/07/2020,$32.0476,1996551,$32.0277,$32.2955,$31.879
08/06/2020,$32.1963,1637738,$32.6524,$32.7218,$31.9583
08/05/2020,$32.2161,1344785,$31.9187,$32.345,$31.7699
08/04/2020,$31.7402,2193238,$31.5022,$32.0575,$31.4427
08/03/2020,$31.522,4271732,$32.1765,$32.1963,$31.0461
07/31/2020,$32.0575,3901419,$33.1581,$33.2474,$31.6212
07/30/2020,$33.2573,2019826,$32.94,$33.2573,$32.5632
07/29/2020,$33.6341,1648777,$33.8027,$33.8068,$33.1203
07/28/2020,$33.7729,1378034,$33.3862,$33.8126,$33.287
07/27/2020,$33.4259,1865202,$33.0391,$33.5647,$32.7912
07/24/2020,$33.2176,1022634,$33.5647,$33.5647,$33.0292
07/23/2020,$33.6143,1388325,$34.229,$34.2786,$33.4556
07/22/2020,$34.2489,1053964,$34.3678,$34.6257,$34.0357
07/21/2020,$34.5265,1258759,$34.6554,$34.7744,$34.3084
07/20/2020,$34.0109,886485,$34.1596,$34.2984,$33.8027
07/17/2020,$34.2786,889459,$34.2885,$34.4769,$33.9811
07/16/2020,$34.1001,2010704,$34.3678,$34.6257,$33.9911
07/15/2020,$34.5662,1596906,$34.229,$34.8339,$34.1695
07/14/2020,$33.8126,1941159,$32.7119,$33.8621,$32.5731
07/13/2020,$32.8507,1819868,$32.7218,$33.2077,$32.5037
07/10/2020,$32.5533,1235489,$32.0972,$32.5731,$31.7501
07/09/2020,$32.1765,1459934,$32.7119,$32.8607,$31.3832
07/08/2020,$32.6822,1491499,$31.9782,$32.702,$31.9385
07/07/2020,$31.9682,1564778,$32.7119,$32.8111,$31.9385
07/06/2020,$33.059,1259349,$33.0491,$33.3069,$32.6822
07/02/2020,$32.464,1861205,$32.7417,$33.406,$32.345
07/01/2020,$32.2261,1319184,$32.8111,$33.168,$32.0972
06/30/2020,$32.6227,1330531,$32.2062,$32.7615,$32.1071
06/29/2020,$32.355,2670934,$32.345,$32.5929,$31.792
06/26/2020,$32.236,2178087,$32.9995,$33.2573,$32.1368
06/25/2020,$33.3564,1954366,$32.2062,$33.3961,$31.9881
06/24/2020,$32.5136,2486227,$33.3069,$33.3267,$31.7699
06/23/2020,$33.6837,1952940,$34.705,$34.7843,$33.5647
06/22/2020,$34.0902,1359796,$33.7233,$34.11,$33.3862
06/19/2020,$33.7729,2717310,$34.4571,$34.5959,$33.6114
06/18/2020,$34.0109,1910049,$33.8027,$34.348,$33.8027
06/17/2020,$34.3381,2115982,$34.3778,$34.6752,$34.0902
06/16/2020,$34.229,3320241,$34.7446,$35.3396,$33.9712
06/15/2020,$33.6341,2015798,$32.8805,$34.0109,$32.4541
06/12/2020,$33.8522,2435431,$34.348,$34.6257,$33.3069
06/11/2020,$33.0689,3467217,$34.7347,$35.2305,$32.9301
06/10/2020,$36.4402,2282520,$36.7674,$36.9558,$35.875
06/09/2020,$36.9558,2106536,$36.6683,$37.1095,$36.2915
06/08/2020,$37.3921,2996766,$36.7873,$37.412,$36.2518
06/05/2020,$35.9544,2686617,$35.3991,$36.4006,$35.3396
06/04/2020,$34.2191,1598994,$34.5265,$34.933,$34.0704
06/03/2020,$34.6455,2059060,$32.9796,$34.9231,$32.9003
06/02/2020,$32.5929,2297642,$31.6708,$32.7218,$31.6708
06/01/2020,$31.4427,2034341,$31.2543,$31.9088,$31.1552
05/29/2020,$31.0957,1976194,$31.3535,$31.7204,$30.7387
05/28/2020,$31.4923,3624670,$31.9484,$31.9682,$31.413
05/27/2020,$31.8889,1897783,$32.4244,$32.583,$31.2246
05/26/2020,$31.8195,2461262,$31.175,$32.0773,$31.0659
05/22/2020,$30.0446,2319687,$29.7471,$30.2231,$29.4992
05/21/2020,$29.7868,2615559,$29.648,$30.3222,$29.5686
05/20/2020,$29.6182,3227156,$30.0446,$30.1438,$29.2166
05/19/2020,$29.6579,2547852,$30.5206,$30.699,$29.6579
05/18/2020,$30.5503,2946923,$30.5404,$30.9172,$30.0149
05/15/2020,$29.6975,2273430,$29.8959,$30.3619,$29.5091
05/14/2020,$30.3817,3997490,$30.0446,$30.5503,$29.41
05/13/2020,$30.7387,3078287,$32.1666,$32.2955,$30.6395
05/12/2020,$32.2261,2041163,$33.4457,$33.6043,$32.2261
05/11/2020,$33.3862,1808552,$32.7218,$33.6242,$32.3351
05/08/2020,$33.1185,1798811,$33.4953,$33.4953,$32.7318
05/07/2020,$32.94,1711862,$32.7218,$33.5151,$32.5235
05/06/2020,$32.0972,2442658,$33.1383,$33.2771,$32.0476
05/05/2020,$32.8408,1395898,$33.3366,$33.5548,$32.7813
05/04/2020,$32.8607,2086152,$32.0575,$33.0193,$31.9583
05/01/2020,$32.5533,1754996,$32.8904,$32.94,$32.1269
04/30/2020,$33.5349,2927120,$34.4472,$34.5959,$33.406
04/29/2020,$34.933,2974765,$33.6341,$35.1115,$33.406
04/28/2020,$32.6623,3050500,$33.2176,$33.5845,$32.6326
04/27/2020,$32.464,2289239,$31.9881,$32.5434,$31.765
04/24/2020,$31.6014,2252657,$31.7303,$32.0476,$31.3237
04/23/2020,$31.5617,2646311,$31.8988,$32.0674,$31.4427
04/22/2020,$31.7303,2158265,$32.2161,$32.3649,$31.641
04/21/2020,$31.6014,1508947,$31.9484,$32.4293,$31.522
04/20/2020,$32.7417,2048239,$32.7516,$33.4259,$32.4839
04/17/2020,$33.4953,2080287,$33.7828,$34.0406,$32.7813
04/16/2020,$32.3946,1563412,$33.1086,$33.1284,$32.2261
04/15/2020,$32.9003,1851560,$32.7218,$33.5647,$32.355
04/14/2020,$33.9415,2752598,$34.1695,$34.3629,$33.2523
04/13/2020,$33.4953,1973877,$34.6852,$34.6951,$32.9202
04/09/2020,$34.7744,2853329,$34.3976,$35.6171,$33.9911
04/08/2020,$33.8027,3182336,$32.2062,$34.0704,$31.7303
04/07/2020,$31.4824,3030007,$33.2176,$33.6737,$31.2741
04/06/2020,$31.2345,2881303,$29.8463,$31.3832,$29.8463
04/03/2020,$28.6961,3764184,$28.8646,$29.4992,$27.9524
04/02/2020,$28.7159,2708978,$27.6946,$29.4062,$27.0203
04/01/2020,$27.5128,3196936,$28.1408,$28.425,$27.4004
03/31/2020,$29.2513,3425307,$28.934,$29.6876,$28.6101
03/30/2020,$29.1654,5684581,$27.8036,$29.2513,$27.0471
03/27/2020,$27.9425,5249394,$27.4996,$29.0662,$26.6865
03/26/2020,$28.8745,9872071,$29.02,$30.1966,$28.4581
03/25/2020,$28.1143,10054355,$25.7808,$29.6942,$25.7808
03/24/2020,$25.3512,9066604,$24.5447,$26.0254,$23.3284
03/23/2020,$21.8674,12256219,$25.3842,$25.4834,$21.3916
03/20/2020,$25.5495,5303292,$29.0927,$30.0314,$25.2239
03/19/2020,$28.4779,5114512,$27.3013,$28.9208,$25.5495
03/18/2020,$27.5789,9503317,$28.0945,$28.5242,$22.3269
03/17/2020,$29.9719,7857879,$30.5007,$31.1684,$28.782
03/16/2020,$29.919,4067614,$29.80,$31.6509,$29.7471
03/13/2020,$35.1545,5887399,$32.3583,$35.1875,$31.0692
03/12/2020,$30.7387,9374970,$33.5283,$33.7134,$29.8926
03/11/2020,$35.5908,4399797,$36.5096,$36.8732,$35.1611
03/10/2020,$37.521,5793387,$37.6863,$37.9177,$36.0337
03/09/2020,$36.2518,6170254,$37.9309,$38.0367,$36.2452
03/06/2020,$40.7668,2380726,$40.1057,$40.899,$39.61
03/05/2020,$41.1304,2228530,$40.8263,$41.5402,$40.5718
03/04/2020,$41.8509,2176443,$41.2427,$41.9864,$41.0543
03/03/2020,$40.3834,2833119,$41.1171,$41.8311,$40.2776
03/02/2020,$40.9915,4494454,$39.8942,$41.0114,$39.2001
02/28/2020,$39.6364,7784578,$38.8497,$39.6628,$37.7855
02/27/2020,$40.2049,5250654,$40.9849,$41.4939,$40.0595
02/26/2020,$42.0162,3021553,$42.1352,$43.054,$42.0096
02/25/2020,$42.1352,2793900,$43.5895,$43.8208,$41.884
02/24/2020,$43.3911,3518476,$43.5498,$44.1646,$43.325
02/21/2020,$45.0041,1714909,$45.1099,$45.2222,$44.5546
02/20/2020,$45.1429,1311453,$44.8587,$45.2189,$44.5546
02/19/2020,$44.8917,1498360,$44.7331,$45.0725,$44.6207
02/18/2020,$44.6471,2564410,$44.7463,$45.0173,$44.3497
02/14/2020,$44.9248,2480421,$44.2042,$45.176,$44.0588
02/13/2020,$44.0456,2357287,$42.8887,$44.158,$42.4723
02/12/2020,$42.697,1707000,$42.6243,$42.8094,$42.1682
02/11/2020,$42.4987,1206181,$42.393,$42.7565,$42.2475
02/10/2020,$42.188,1243027,$41.9435,$42.2541,$41.9435
02/07/2020,$42.0691,1409506,$42.307,$42.4822,$42.0162
02/06/2020,$42.4525,2185077,$41.8707,$42.5384,$41.798
02/05/2020,$41.7451,1361764,$41.7121,$41.8112,$41.4047
02/04/2020,$41.4609,1526889,$41.3948,$41.6856,$41.2692
02/03/2020,$40.9387,1493313,$40.6676,$41.2956,$40.509
01/31/2020,$40.4627,1409059,$40.7734,$40.8395,$40.2578
01/30/2020,$41.0973,1327536,$40.8064,$41.137,$40.6676
01/29/2020,$41.137,1668153,$41.3882,$41.4014,$40.8265
01/28/2020,$41.3088,1614619,$40.9056,$41.3287,$40.7205
01/27/2020,$40.8064,1892812,$40.4891,$40.9519,$40.0991
01/24/2020,$41.2295,1776234,$41.4543,$41.7055,$41.1502
01/23/2020,$41.3683,2301720,$40.8197,$41.375,$40.7205
01/22/2020,$40.8924,2116743,$41.1502,$41.2956,$40.8924
01/21/2020,$41.0444,1301911,$41.1304,$41.1502,$40.8726
01/17/2020,$41.1634,2015800,$40.9254,$41.4146,$40.8197
